Qty,Product,F.Price,Cod. Bar,Date,Drog
,AB CALCIUM B12 X 240 ML SUSPENSION ORAL,7.9828125000000005,7894164005901,29/05/2022,Dismeven
,AB CALCIUM D3 X 240 ML SUSPENSION ORAL SABOR FRESA,8.419531249999999,7894164008087,29/05/2022,Dismeven
,ACEITE DE ALMENDRAS EXTRAFINO 30 ML,8.24,0112244301147,29/05/2022,Dismeven
,ACEITE DE COCO EXTRAFINO 30 ML,6.68,0112244301154,29/05/2022,Dismeven
,ACEITE DE RICINO EXTRAFINO 30 ML,17.35,0112244301130,29/05/2022,Dismeven
,ACEITE MINERAL EXTRAFINO 30 ML,10.04,0112244301123,29/05/2022,Dismeven
,ACETAMINOFEN (PARACETAMOL)  500 MG TABLETAS,1.9912698412698413,7598008000083,29/05/2022,Dismeven
,"ACETAMINOFEN + TRAMADOL 325/37,5MG X 10 TAB",16.8,7591519008494,29/05/2022,Dismeven
,ACETAMINOFEN 10% SOLUCION ORAL GOTAS,5.643650793650793,7592236001997,29/05/2022,Dismeven
,ACETAMINOFEN 325 MG + IBUPROFENO 200 MG + CAFEINA 40 MG X 10 TAB,6.242063492063492,18906047594443,29/05/2022,Dismeven
,ACETAMINOFEN 500 MG + TIOCOLCHICOSIDO 4 MG X 10 TAB,22.71904761904762,18906047594450,29/05/2022,Dismeven
,ACETAMINOFEN 500 MG X 10 TAB,2.0325396825396824,18906047595013,29/05/2022,Dismeven
,ACETAMINOFEN 500 MG X 20 TAB,5.65,7592236001973,29/05/2022,Dismeven
,ACETAMINOFEN 500 MGX 20 TAB (ÉLTER),6.92,7592454000031,29/05/2022,Dismeven
,ACETAMINOFEN 650 MG X 10 COMPRIMIDOS,7.279999999999999,7590027001669,29/05/2022,Dismeven
,ACETAMINOFEN 650MG X 10 TAB PLUSANDEX,3.858730158730159,7594001101604,29/05/2022,Dismeven
,"ACETATO DE CIPROTERONA 2 MG + ETINILESTRADIOL 0,035 MG X 21 COMP (EQ. DIANE 35)",6.9875,7898505093107,29/05/2022,Dismeven
,ACEVAL (ACETAMINOFEN) 650 MG X 10 TAB,6.79453125,7591020000611,29/05/2022,Dismeven
,ACICLOVIR 200 MG TABLETAS,4.962698412698413,7598008000090,29/05/2022,Dismeven
,ACICLOVIR 200 MG x 24 TABLETAS (ÉLTER),16.951587301587303,7592454102001,29/05/2022,Dismeven
,ACICLOVIR 200 MG X 25 TAB (07/2022),17.56,7591519005639,29/05/2022,Dismeven
,ACICLOVIR X 20 GR CREMA,22.547200000000004,7592348201117,29/05/2022,Dismeven
,ACIDO ACETILSALICILICO X 100 TAB,28.073809523809523,7598008000762,29/05/2022,Dismeven
,ACIDO FOLICO (FOLAC) 5 MG X 20 TAB,6.9,7592806133158,29/05/2022,Dismeven
,ACIDO FOLICO 10 MG  X 30 TAB,6.92,7594001101345,29/05/2022,Dismeven
,ACIDO FOLICO 10 MG X 20 TAB,4.55,7594001101338,29/05/2022,Dismeven
,ACIDO TRANEXAMICO 500 MG/ 5 ML AMP IV,7.500793650793651,8906089281298,29/05/2022,Dismeven
,ACIDO VALPROICO 250/5 ML X 120 ML,23.349218750000002,8906089281397,29/05/2022,Dismeven
,ACIDO VALPROICO 500 MG TABLETAS,6.7234375,7598008000632,29/05/2022,Dismeven
,"ADAPNE (ADAPALENO) 0,1 % X 30 GR GEL TOPICO",18.91190476190476,8904091148011,29/05/2022,Dismeven
,AFLAMAX 50 MG X 10 TAB,5.117460317460318,7591196007186,29/05/2022,Dismeven
,AGUA ESTERIL PARA INYECCION X 10 ML AMPOLLA,2.4984375,203571228310,29/05/2022,Dismeven
,AGUA MINERAL BIENESTAR 600 ML,28.569047619047623,614143290732,29/05/2022,Dismeven
,AGUA OXIGENADA AL 3% 10 VOL X 120 CC,2.5277777777777786,7591959110217,29/05/2022,Dismeven
,AGUJA HIPODERMICA 18 X 1 1/2 CAJA X 100,11.703272727272726,652931969200,29/05/2022,Dismeven
,AGUJA HIPODERMICA 18 X 1 CAJA X 100,11.703272727272726,652931969194,29/05/2022,Dismeven
,AGUJA HIPODERMICA 19 X 1 1/2 CAJA X 100,11.703272727272726,652931969224,29/05/2022,Dismeven
,AGUJA HIPODERMICA 19 X 1 CAJA X 100,11.703272727272726,652931969217,29/05/2022,Dismeven
,AGUJA HIPODERMICA 20 X 1 1/2 CAJA X 100,11.703272727272726,652931969248,29/05/2022,Dismeven
,AGUJA HIPODERMICA 20 X 1 CAJA X 100,11.703272727272726,652931969231,29/05/2022,Dismeven
,AGUJA HIPODERMICA 26 X 1/2 CAJA X 100,11.703272727272726,652931969323,29/05/2022,Dismeven
,"AIRFEN INFANTIL 0,025% SOL. X 15 ML",14.0816,7591818111024,29/05/2022,Dismeven
,AIRON (MONTELUKAST) 10 MG X 10 TAB REC ,12.43,7591196002563,29/05/2022,Dismeven
,AIRON (MONTELUKAST) 5 MG X 10 TAB MASTICABLES PEDIATRICO,11.070634920634921,7591196002549,29/05/2022,Dismeven
,ALBEL (ALBENDAZOL) 400 MG X 3 COMPRIMIDOS,4.996875,7899095205062,29/05/2022,Dismeven
,ALBENDAZOL 200 MG TABLETAS MASTICABLES,3.7039682539682537,7598008000106,29/05/2022,Dismeven
,ALBENDAZOL 200 MG X 6 TAB,6.262698412698413,7594001100256,29/05/2022,Dismeven
,ALBENDAZOL 200MG X 2 TAB,3.4873015873015873,7594001100263,29/05/2022,Dismeven
,ALCOHOL ABSOLUTO EXTRAFINO 120 ML,10.42,0011344402221,29/05/2022,Dismeven
,ALCOHOL ABSOLUTO EXTRAFINO 250 ML,14.48,25525779,29/05/2022,Dismeven
,ALCOHOL ANTISÉPTICO AL 70 % X  1 LT,20.129365079365083,7592044000113,29/05/2022,Dismeven
,ALCOHOL ANTISÉPTICO AL 70 % X 500 ML,10.668253968253968,7592044000106,29/05/2022,Dismeven
,ALCOHOL ISOPROPILICO AL 70% X 1LT,20.603968253968254,0,29/05/2022,Dismeven
,"ALDUZOL AMP (SALBUTAMOL) 2,5 MG / 2,5 ML SOL P/ NEBULIZAR AMP (11/2022)",3.5801587301587303,7468999198642,29/05/2022,Dismeven
,ALERGOT (AZELASTINA) SOL. OFTALMICA,23.959999999999997,7591196002693,29/05/2022,Dismeven
,ALGODÓN 500GR ,19.104,707273544483,29/05/2022,Dismeven
,"ALPRAM 0,5 MG X 30 TAB",12.2890625,7591020005296,29/05/2022,Dismeven
,ALPRAM 1 MG X 30 TAB,17.5296875,7591020005302,29/05/2022,Dismeven
,ALPRAM 2 MG X 30 TAB,23.400000000000002,7591020005319,29/05/2022,Dismeven
,ALPRAMACK (ALPRAZOLAM) 1MG X 30 TAB,18.140000000000004,7591519317824,29/05/2022,Dismeven
,ALPRAZOLAM 1 MG X 30 COMP,15.904687500000001,7730932391060,29/05/2022,Dismeven
,ALPRAZOLAM 2 MG X 30 TAB,11.67,7598578000407,29/05/2022,Dismeven
,AMBIODIPINA (AMLODIPINA) 10 MG TABLETAS,1.3103174603174603,28904030979311,29/05/2022,Dismeven
,AMBIODIPINA (AMLODIPINA) 5 MG TABLETAS,1.1865079365079367,28904030979304,29/05/2022,Dismeven
,AMBROXOL 15 MG/5ML JBE X 120 ML PEDIATRICO  (ÉLTER),13.83,75924541202031,29/05/2022,Dismeven
,AMBROXOL 30MG/5ML JBE X 120 ML ADULTO (ELTER),17.97,7592454120302,29/05/2022,Dismeven
,AMIKACINA 100MG AMPOLLA,3.2603174603174603,7800061031103,29/05/2022,Dismeven
,AMIKACINA 500 MG / 2 ML SOL INY I.M/I.V,9.879999999999997,7592806112030,29/05/2022,Dismeven
,AMIKACIS (AMIKACINA) 5% X 20 GR CREMA (11/2022),9.739682539682539,7597072001262,29/05/2022,Dismeven
,AMINOFILINA 200 MG X 20 COMP (EQ. KLAS) ,3.188095238095238,7896112110354,29/05/2022,Dismeven
,AMIODARONA 200 MG TABLETAS,13.092857142857143,7598008000113,29/05/2022,Dismeven
,AMITRIPTILINA 25MG TAB,1.5476190476190477,7598008000748,29/05/2022,Dismeven
,AMLODIPINA 10MG X 10 TAB (06/2022),4.52,7591519001358,29/05/2022,Dismeven
,AMLODIPINA 5 MG  X 10 TAB,0.8563492063492064,6937874106252,29/05/2022,Dismeven
,AMLODIPINA 5 MG + ATORVASTATINA 20 MG (ATODIP) X 30 TABLETAS RECUBIERTAS,19.1152,7591020080774,29/05/2022,Dismeven
,AMLODIPINA BESILATO 10 MG TABLETAS,2.011904761904762,7598008000120,29/05/2022,Dismeven
,AMLODIPINA BESILATO 5 MG TABLETAS,1.8055555555555556,7598008000137,29/05/2022,Dismeven
,AMLODIPINO 10 MG X 10 TAB (ÉLTER)  (06/2022),5.653968253968255,7592454886994,29/05/2022,Dismeven
,AMOXICILINA 500 MG X 8 CAP,6.57,7592236002024,29/05/2022,Dismeven
,AMOXIVAL (AMOXICILINA) 250MG/5ML X 90 ML POLVO PARA SUSP ORAL ,23.765625,7591020000758,29/05/2022,Dismeven
,AMPICILINA 1 G AMPOLLA,2.682539682539683,709193551056,29/05/2022,Dismeven
,AMPICILINA 1 G POLVO PARA INY IM/IV VIAL,2.321428571428572,6937874104951,29/05/2022,Dismeven
,AMPICILINA 500MG AMP,2.6103174603174604,7707236121587,29/05/2022,Dismeven
,ANALPER CAF (ACETAMINOFEN + CAFEINA) 500MG-40MG X 10 TAB,9.75,7592454001212,29/05/2022,Dismeven
,ANALPER FORTE 650 MG X 10 TAB REFORMULADO,6.5,7592454000802,29/05/2022,Dismeven
,ANALPER NAX 250 MG X 10 CAP ,11.06,7592454000789,29/05/2022,Dismeven
,ANALPER PLUS 500MG/10MG TAB X 10,19.36,7592454000796,29/05/2022,Dismeven
,ANAPIR (IBUPROFENO) 200MG X 10 CAPSULAS BLANDAS,7.009600000000001,7593090000157,29/05/2022,Dismeven
,ANAPIR (IBUPROFENO) 400MG X 10 CAPSULAS BLANDAS,12.0952,7593090001024,29/05/2022,Dismeven
,"ANASMOL2,5 (WARFARINA SODICA) 2,5 MG X 30 COMPRIMIDOS",22.1,7591955003084,29/05/2022,Dismeven
,ANGRIP DIA (ACETAMINOFEN 500MG + CLORFENAMINA MALEATO 2 MG + CAFEINA 30 MG) X 8 COMP ,10.4,7591619518978,29/05/2022,Dismeven
,ANGRIP NOCHE (ACETAMINOFEN 500 MG + CLORFENIRAMINA MALEATO 3 MG) X 4 COMP REC,9.1,7591619518985,29/05/2022,Dismeven
,"ANTAAR HCT (BISOPROLOL + HIDROCLOROTIAZIDA) 2,5MG/6,25 MG X 30 TAB",30.74,7591519317367,29/05/2022,Dismeven
,APETIVITON (CIPROEPTADINA + VIT B+ VIT D + VIT C) X 240 ML SOL ORAL SABOR CEREZA CARAMELO (EQ. APETININ),10.2984375,7898495603843,29/05/2022,Dismeven
,APYRENE (ACETAMINOFEN) 650MG X 10 CAPSULAS,6.6976,7593090000034,29/05/2022,Dismeven
,ARCOVAL (ETORICOXIB) 90 MG X 7 TAB REC,18.342187499999998,7591020009164,29/05/2022,Dismeven
,ARTENOLOL (ATENOLOL) 100 MG X 30 TAB (11/2022),14.559999999999999,7592806133066,29/05/2022,Dismeven
,ATENOLOL 25 MG TABLETAS,1.6714285714285717,7598008000168,29/05/2022,Dismeven
,ATENOLOL 50 MG TABLETAS,2.4865079365079366,7598008000175,29/05/2022,Dismeven
,ATORVACOF (ATORVASTATINA) 20MG X 14 TAB,13.889999999999999,7591818210512,29/05/2022,Dismeven
,ATORVASTATINA 40 MG TABLETAS,5.602380952380952,7598008000199,29/05/2022,Dismeven
,"ATRACURIO BESILATO 25MG/2,5ML (07/2022)",8.40873015873016,7800061033169,29/05/2022,Dismeven
,ATROALDO (BROMURO DE IPRATROPIO) 20 MCG X 200 DOSIS SOLUCION PARA INHALAR + DISPOSITIVO (ALDO UNION),48.1,8470006723128,29/05/2022,Dismeven
,AZITRODEX 500 MG X 3 TABLETAS RECUBIERTAS,8.707936507936507,7594001101352,29/05/2022,Dismeven
,AZITROMICINA 500 MG TABLETAS X 3,9.368253968253969,7598008000212,29/05/2022,Dismeven
,AZITROMICINA 500 MG X 3 TABLETAS,8.297656250000001,7598578000049,29/05/2022,Dismeven
,BACITRACINA 500 UI/G UNGÜENTO,9.171093749999999,7598578000469,29/05/2022,Dismeven
,BACTEVAL (SULFAMETIZOL 250 MG + FENAZOPIRIDINA CLORHIDRATO 50 MG) X 24 COMPRIMIDOS,22.911200000000004,7591020007825,29/05/2022,Dismeven
,BARROCUTINA TEENS GEL LIMPIADOR FACIAL DE USO DIARIO X 120 ML,16.203200000000002,7593090002397,29/05/2022,Dismeven
,BARROCUTINA TEENS TONICO FACIAL ASTRINGENTE X 120 ML,20.602399999999996,7593090000577,29/05/2022,Dismeven
,BELSPAN COMPUESTO (BUTILBROMURO DE ESCOPOLAMINA 10 MG + DIPIRONA SODICA 250 MG) X 20 GRAGEAS (EQ. SARIFAN),19.03571428571429,7897917001397,29/05/2022,Dismeven
,BENATUX (DIFENHIDRAMINA 5 MG + AMONIO 50 MG + CITRATO DE SODIO 10 MG) X 120 ML SABOR MENTA,7.923809523809524,7898495603812,29/05/2022,Dismeven
,BETAHISTINA 16 MG X 20 TAB (ELTER) ,29.04,7592454002400,29/05/2022,Dismeven
,BETAMETASONA 4 MG / 1 ML AMP,1.8571428571428572,7598008000779,29/05/2022,Dismeven
,"BETASALICIS (BETAMETASONA 0,1% + ACIDO SALICILICO 0,05%) X 20 G CREMA",14.848437500000001,7597072001149,29/05/2022,Dismeven
,"BETRICORT (CETOCONAZOL 20 MG + BETAMETASONA 0,64 MG + NEOMICINA 2,5 MG) X 30 GR (EQ. BAYCUTEN Y QUADRIMER)",9.29296875,7899095203266,29/05/2022,Dismeven
,BICARBONATO DE SODIO  5% 100 ML,19.03,7592637000100,29/05/2022,Dismeven
,BIOCOR AMLO (OLMESARTAN 20 MG + AMLODIPINA 5 MG) X 30 TAB ,29.25,7591519316247,29/05/2022,Dismeven
,BIOCOR AMLO (OLMESARTAN 40 MG + AMLODIPINA 5 MG) X 10 TAB,14.63,7591519317688,29/05/2022,Dismeven
,BIOCOR AMLO (OLMESARTAN 40 MG + AMLODIPINA 5 MG) X 30 TAB ,35.1,75915193162230,29/05/2022,Dismeven
,BOOZSPORT (SALICILATO METILICO 10% + MENTOL 7% + ALCANFOR 2%) X 40 G CREMA,9.368253968253969,7597072001187,29/05/2022,Dismeven
,"BOROCANFOR RELAX ""ANTI-ROCE"" BARRA X 14 GR",13.474603174603176,7591808525114,29/05/2022,Dismeven
,BOSKA (PARACETAMOL 500 MG + CAFEINA 30 MG) X 10 TAB,2.734126984126984,18906101701589,29/05/2022,Dismeven
,BRIMONIDINA 2 MG X 5 ML GOTAS OFTALMICAS (EQ. ALFADYN),26.144444444444446,7896112129363,29/05/2022,Dismeven
,"BRODILIN 0,005MG/5ML JBE PEDIATRICO X 120ML ",17.519047619047623,7591651896805,29/05/2022,Dismeven
,BROMHEXINA 4MG/ 5ML X 120 ML ,12.44,7592454891448,29/05/2022,Dismeven
,BROXOL 50 MG/5 ML X 120 ML JARABE PEDIATRICO,18.2,7592454536370,29/05/2022,Dismeven
,BROXOL FLEM 100MG/15ML JARABE X 120 ML,19.5,7592454000444,29/05/2022,Dismeven
,BROXOL FLEM GOTAS X 30 ML,15.6,75924548890994,29/05/2022,Dismeven
,BROXOL GRIP  125-1MG/5 ML JBE PEDIATRICO,11.96,7592454000734,29/05/2022,Dismeven
,"BUCOXOLGAR 0,15/0,25% SOL TOP. SABOR FRUTOS ROJOS ",12.35,7592454891332,29/05/2022,Dismeven
,"BUCOXOLGAR 0,15/0,25% SOL TOP. SABOR MENTA",12.35,7592454891349,29/05/2022,Dismeven
,"BUCOXOLGAR 0,15/0,25% SOL TOP. SABOR MIEL Y LIMON",12.35,7592454891356,29/05/2022,Dismeven
,BUDENAS (BUDESONIDA) SUSP. NASAL,28.9432,7591196006134,29/05/2022,Dismeven
,CALAMINOL HIDRALIV X 88 ML,14.58888888888889,7591088000123,29/05/2022,Dismeven
,CALCIO CON VITAMINA D3 (250 MG + 125 UI) TABLETAS,4.333333333333333,7598008000786,29/05/2022,Dismeven
,CANDER (CANDESARTAN) 16MG X 30 TAB,39.1828125,7591020008303,29/05/2022,Dismeven
,CANDER (CANDESARTAN) 8MG X 30 TAB,28.640625,7591020008297,29/05/2022,Dismeven
,"CANDER HCT (CANDESARTAN 16MG  + HIDROCLOROTIAZIDA 12,5MG) X 30 TAB",43.30625,7591020080620,29/05/2022,Dismeven
,"CANDER HCT (CANDESARTAN 8MG  + HIDROCLOROTIAZIDA 12,5MG) X 30 TAB",29.8168,7591020080637,29/05/2022,Dismeven
,CANDESARTAN 16 MG TABLETAS,7.366666666666666,7598008000793,29/05/2022,Dismeven
,CANDESARTAN 16 MG X 10 TAB (ELTER),13.83,7592454891189,29/05/2022,Dismeven
,CANULA DE MAYO # 0 (60 MM) NEGRA,1.7629090909090908,652931967329,29/05/2022,Dismeven
,CANULA DE MAYO # 00 (50 MM) AZUL,1.7629090909090908,652931967299,29/05/2022,Dismeven
,CANULA DE MAYO # 000 (40 MM) ROSADO,1.7629090909090908,652931967268,29/05/2022,Dismeven
,CANULA DE MAYO # 1 (70 MM) BLANCA,1.7629090909090908,652931967350,29/05/2022,Dismeven
,CANULA DE MAYO # 5 (110 MM) TURQUESA,1.7629090909090908,652931967503,29/05/2022,Dismeven
,CANULA DE MAYO # 6 (120 MM) NARANJA,1.7629090909090908,652931967473,29/05/2022,Dismeven
,CANULA DE OXIGENO ADULTO,2.688,0,29/05/2022,Dismeven
,CANULA NASAL DE OXIGENO PEDIATRICO,2.146909090909091,810028130463,29/05/2022,Dismeven
,"CAPLAM (ALPRAZOLAM) 0,5 MG X 30 COMP",9.74,724373531090,29/05/2022,Dismeven
,CAPLAM (ALPRAZOLAM) 1 MG X 50 COMP,14.95,7595368000418,29/05/2022,Dismeven
,CAPTOPRIL 25 MG  TABLETAS,2.4761904761904763,7598008000236,29/05/2022,Dismeven
,CAPTOPRIL 25 MG X 30 COMPRIMIDOS,3.5546875,7896112116660,29/05/2022,Dismeven
,CAPTOPRIL 50 MG X 30 TAB CALOX,16.25,7591519051292,29/05/2022,Dismeven
,CARBAMAZEPINA 2% 100 MG/5 ML X 250 ML SUSPENSION ORAL,44.36507936507937,8906089281380,29/05/2022,Dismeven
,CARBAMAZEPINA 200 MG X 10 TAB,4.4585937499999995,6937874106344,29/05/2022,Dismeven
,CARBAMAZEPINA 200 MG X 20 TAB (GENCER),15.6416,7591020003179,29/05/2022,Dismeven
,CARBAMAZEPINA 400 MG TABLETAS,8.707936507936507,7598008000243,29/05/2022,Dismeven
,CARBIDOPA + LEVODOPA (50 MG + 250 MG) TABLETAS (ESTUCHE INDIVIDUAL),15.032539682539683,7598008001233,29/05/2022,Dismeven
,"CARDBET (CARVEDILOL) 6,25 MG X 30 COMP",6.9265625,7895296261043,29/05/2022,Dismeven
,"CARDIBIOL (CARVEDILOL) 12,5MG X 10 TAB",8.057936507936507,18904187831718,29/05/2022,Dismeven
,"CARVEDILOL 12,5 MG TABLETAS",4.302380952380952,7598008000267,29/05/2022,Dismeven
,CARVEDILOL 25 MG TABLETAS,4.900793650793651,7598008000274,29/05/2022,Dismeven
,CARVEDILOL 25 MG X 10 TAB (07/2022),4.797619047619048,8906046119602,29/05/2022,Dismeven
,"CARVEDILOL 6,25 MG TABLETAS",3.435714285714286,7598008000250,29/05/2022,Dismeven
,CEFADROXILO 250 MG / 5 ML (07/2022),9.863492063492064,7468999185420,29/05/2022,Dismeven
,CEFEPIME 1000 MG INYECTABLE I.M/I.V,15.290476190476191,7598008001141,29/05/2022,Dismeven
,CEFOTAXIMA 1G AMP POLVO P/ INY,6.644444444444446,7598008000809,29/05/2022,Dismeven
,CEFRADINA 1G AMPOLLA,5.6642857142857155,7709526459875,29/05/2022,Dismeven
,CEFTIROL (CEFTRIAXONA) 1G POLVO PARA SOL INYECTABLE I.M/I.V,8.09920634920635,8904210805610,29/05/2022,Dismeven
,CEFTRIAXONA 1 G PVO PARA SOLUCION INYECTABLE IM IV,6.231746031746032,7463719353523,29/05/2022,Dismeven
,CEFTRIAXONA 1000 MG POLVO P/ INY,6.107936507936508,7598008000816,29/05/2022,Dismeven
,CELAY (CETIRIZINA)  10 MG X 10 TAB,10.358400000000003,7591818116104,29/05/2022,Dismeven
,CETIRIZINA 10 MG X 10 TAB,3.930952380952381,18906047593811,29/05/2022,Dismeven
,CETIRIZINA 5 MG/5ML X 60 ML JBE (ÉLTER),9.69,7592454138239,29/05/2022,Dismeven
,CETOP (KETOCONAZOL) 20 MG X 100 ML SHAMPOO ,17.83888888888889,7894164003938,29/05/2022,Dismeven
,CICLOBENZAPRINA 10 MG X 30 COMP (PARECIDO A DORIXINA FLEX),11.547656250000001,7898060139951,29/05/2022,Dismeven
,"CINATREX (TETRACICLINA) 5 MG  X 3,5 G POMADA OFTALMICA (EQ. TERRAMICINA)",10.481250000000001,7898158690586,29/05/2022,Dismeven
,CIPROFIBRATO 100 MG X 30 COMP,23.152380952380955,7899095239838,29/05/2022,Dismeven
,"CIPROFLOXACINA 0,3% X 5 ML GOTAS OFTALMICAS (EQ. QUINOFTAL)",6.242063492063492,7598008000830,29/05/2022,Dismeven
,CIPROFLOXACINA 500 MG TABLETAS,5.313492063492064,7598008000304,29/05/2022,Dismeven
,CIPROFLOXACINA 500MG X 14 TAB,17.88,7591519001716,29/05/2022,Dismeven
,CIPROQUIN (CIPROFLOXACINA) 2 MG/ML X 100 ML SOLUCION I.V,15.35,7592637000216,29/05/2022,Dismeven
,"CITRATO DE POTASIO AL 10,8% 1LT",29.2,25526479,29/05/2022,Dismeven
,"CITRATO DE POTASIO AL 10,8% 500ml",21.65,112345202237,29/05/2022,Dismeven
,CLARASOL SOL. OFTALMICA,24.21,7591196000071,29/05/2022,Dismeven
,CLARIX SOL NASAL PEDIATRICO,15.950793650793653,7591196000101,29/05/2022,Dismeven
,"CLENBUXOL (CLENBUTEROL + AMBROXOL) 0,005MG/ML + 7,5MG/ML X 20 ML GOTAS",15.6,7591955000175,29/05/2022,Dismeven
,CLINDAMICINA 600 MG/4 ML INY I.M/I.V ,9.677777777777779,7598008001165,29/05/2022,Dismeven
,"CLINDELLA (TIBOLONA) 2,5 MG X 30 COMP",36.214285714285715,7895296263016,29/05/2022,Dismeven
,CLONEDAC FEET (BIFONAZOL) 20 G CREMA,9.364062500000001,7598579000506,29/05/2022,Dismeven
,CLONIXINATO DE LISINA 100MG/2ML AMPOLLA,3.8277777777777775,7800061001120,29/05/2022,Dismeven
,"CLONZEP 0,5 MG X 30 TAB",14.848437500000001,7591020080750,29/05/2022,Dismeven
,CLONZEP 2 MG X 30 TAB,24.14140625,7591020080767,29/05/2022,Dismeven
,CLOPIDOGREL 75 MG TABLETAS,4.880158730158731,7598008000311,29/05/2022,Dismeven
,CLOPIDOGREL 75 MG X 10 TAB,5.086507936507936,8906046119572,29/05/2022,Dismeven
,CLORACE (ACETAMINOFEN 500 MG + CLORFENIRAMINA 4 MG) X 10 TAB,12.168,7591818116043,29/05/2022,Dismeven
,CLORACE (ACETAMINOFEN 500 MG + CLORFENIRAMINA 4 MG) X 20 TAB,22.6824,7591818215265,29/05/2022,Dismeven
,CLORACI (VITAMINA C) 1000 MG X 30 TAB,28.83,7591818000106,29/05/2022,Dismeven
,CLORACI PLUS (VITAMINA C 100 MG + ZINC 10 MG) X 30 TAB,35.66159999999999,7591818000182,29/05/2022,Dismeven
,"CLORURO DE SODIO 0,9% PART FILL X 100 ML",11.1,7592637001312,29/05/2022,Dismeven
,CLOTRIGEN (CLOTRIMAZOL + GENTAMICINA + BETAMETASONA) x 30 g CREMA,11.8,112255006185,29/05/2022,Dismeven
,CLOTRIM+NEOMIC+DEXAMETA CREMA X 20 GR. ÉLTER,24.9,7703763300051,29/05/2022,Dismeven
,CLOXACILINA 500 MG PVO PARA INY AMP,2.7753968253968253,7801000000310,29/05/2022,Dismeven
,CODEBROMIL PLUS JBE X 90 ML,28.6,7592782001755,29/05/2022,Dismeven
,"COLAYTE (PREPARACION DE POLIETILENGLICOL 3350 + ELECTROLITOS) ESTUCHE X 4 TARROS 69,7 GR PARA LAVADO GASTROINTESTINAL",88.66000000000001,7592806132014,29/05/2022,Dismeven
,COLECTOR DE HECES,0.6706349206349207,0,29/05/2022,Dismeven
,COLVAL (TIOCOLCHICOSIDO) 4 MG X 12 COMPRIMIDOS,26.7592,7591020001052,29/05/2022,Dismeven
,COMPLEJO B (VIT B1-B2-B3-B5-B6-B12) x 50 COMPRIMIDOS,8.862698412698414,7894164006472,29/05/2022,Dismeven
,COMPLEJO B VITAMINAS TABLETAS,2.1563492063492067,7598008000953,29/05/2022,Dismeven
,COMPLEJO B VITAMINAS X 10 ML INYECTABLE IM-IV,6.242063492063492,7598008001172,29/05/2022,Dismeven
,CONAZOL (KETOCONAZOL) 20 MG/ G X 20 G CREMA,5.55546875,7898100241279,29/05/2022,Dismeven
,CORTYNASE 140 DOSIS SUSP. NASAL,37.68968253968255,7591196004604,29/05/2022,Dismeven
,CROMOFTAL AL 4% SOLUCION OFTALMICA X 10 ML,8.429365079365079,7591196000149,29/05/2022,Dismeven
,CROMOLOX 4% (CROMOGLICATO DE SODIO 40 MG) X 5 ML SOL OFTALMICA (PHARMETIQUE LABS),12.092063492063494,7703763704118,29/05/2022,Dismeven
,DAC-LAX (POLIETILENGLICOL) 120 G POLVO,12.48203125,7598578000278,29/05/2022,Dismeven
,DAKSOL 500MG X 4 TAB,10.92,7592454138857,29/05/2022,Dismeven
,"DESLER 0,5 MG/ML JARABE PEDIATRICO X 60 ML",14.34,7592454891318,29/05/2022,Dismeven
,"DESLER M 1,25 MG/4 MG  PEDIATRICO X 10 SOBRES GRANULADO ",15.81,7592454891233,29/05/2022,Dismeven
,DESLER M 5MG - 10 MG X 10 TAB RECUBIERTAS ,28.59,7592454891257,29/05/2022,Dismeven
,DESLORAT 5MG X 20 TAB,14.31031746031746,7591196002976,29/05/2022,Dismeven
,"DESLORATADINA 2,5 MG/ML JARABE X 60 ML (ELTER)",12.44,7703763393053,29/05/2022,Dismeven
,DESLORATADINA 5 MG X 10 TAB (ÉLTER),8.29,7592454001311,29/05/2022,Dismeven
,"DEXAGLOS (DEXAMETASONA) 0,1 MG/ MG X 100 ML ",5.93125,7897917000383,29/05/2022,Dismeven
,DEXAMETASONA 4 MG X 10 COMPRIMIDOS ,11.58,7590027002642,29/05/2022,Dismeven
,DEXAMETASONA 4MG/ML AMPOLLA,1.8571428571428572,7598008000854,29/05/2022,Dismeven
,"DEXTAMIN (DESLORATADINA) 0,5 MG/ML X 60 ML SOL ORAL PEDIATRICO",8.893650793650794,7594001101680,29/05/2022,Dismeven
,DIABETYLL CREMA HIDRATANTE P/ DIABETICOS X 300 G,30.58046875,7908028021041,29/05/2022,Dismeven
,DIADEX PHIS JABON X 1 LT,44.6888,7592348208215,29/05/2022,Dismeven
,DIAMENIL PLUS (METFMORMINA 1000 MG + GLIMEPIRIDA 2 MG) X 30 TAB RECUBIERTAS,38.41,7406076125273,29/05/2022,Dismeven
,DICAZID (GLICAZIDA) 30 MG X 30 COMP (EQ GLIDAN),15.478125,7898216360260,29/05/2022,Dismeven
,"DICLOFENAC GEL (HEAT RUB) 1,16% X 25 GR",10.420634920634921,18906101701121,29/05/2022,Dismeven
,DICLOFENAC POTASICO (POLTAX) 50 MG X 20 COMP,3.3738095238095243,7899095201316,29/05/2022,Dismeven
,DICLOFENAC SODICO (FLOGAREN) 50 MG X 20 TAB,9.879999999999997,7592806134025,29/05/2022,Dismeven
,DICLOFENAC SODICO 50 MG + PARACETAMOL 500 MG X 10 TAB,2.69140625,7469106377332,29/05/2022,Dismeven
,DICLOFENAC SODICO 50MG X 20 TAB (ÉLTER),8.470634920634922,7592454139304,29/05/2022,Dismeven
,DIFENAC (DICLOFENAC SODICO) 100 MG X 10 COMP,13.26,7592803000316,29/05/2022,Dismeven
,"DIGOXINA 0,25 MG TABLETAS",3.0952380952380953,7598008000359,29/05/2022,Dismeven
,DIOSMINA 450 MG + HESPERIDINA 50 MG X 10 TAB,19.14453125,18906047594849,29/05/2022,Dismeven
,DOBET SOL. OFTALMICA,36.88492063492063,7591196000583,29/05/2022,Dismeven
,DOMPERIDONA 10MG/2ML AMPOLLA,11.483333333333334,7800061000765,29/05/2022,Dismeven
,DROPERIDOL 5MG/2ML AMPOLLA,4.57063492063492,7800061165105,29/05/2022,Dismeven
,DUOVENT 15 ML. SUSP P/INHALAR ,34.95439999999999,7591196002204,29/05/2022,Dismeven
,DUROVAL (SILDENAFIL) 100 MG X 1 TAB RECUBIERTA,5.751200000000001,7591020006330,29/05/2022,Dismeven
,DUROVAL (SILDENAFIL) 50 MG X 1 TAB RECUBIERTA,3.23984375,7591020005012,29/05/2022,Dismeven
,DUROVAL (SILDENAFIL) 50 MG X 2 TAB RECUBIERTA,5.7992187500000005,7591020003230,29/05/2022,Dismeven
,ENALAPRIL 10 MG X 30 COMP,5.1796875,7896112126225,29/05/2022,Dismeven
,ENALAPRIL 20 MG X 30 COMP,5.746825396825398,7896253210773,29/05/2022,Dismeven
,ENALAPRIL 20MG X 30 TAB PLUSANDEX,7.4904761904761905,7594001101222,29/05/2022,Dismeven
,ENALAPRIL MALEATO 10 MG TABLETAS,1.2277777777777779,7598008000366,29/05/2022,Dismeven
,ENALAPRIL MALEATO 20 MG TABLETAS,2.4142857142857137,7598008000373,29/05/2022,Dismeven
,ENALAPRIL MALEATO 20MG X 10 TAB (06/2022),4.73,7591519317787,29/05/2022,Dismeven
,"ENOXAPARINA SODICA (E-NEXY) 60 MG / O,6 ML JERINGA PRELLENADA",54.46587301587302,0,29/05/2022,Dismeven
,EPITRAL (LAMOTRIGINA) 100 MG X 30 TAB,21.0288,7591020081078,29/05/2022,Dismeven
,EPITRAL (LAMOTRIGINA) 50 MG X 30 TAB,15.660937500000001,7591020081092,29/05/2022,Dismeven
,ERGOMETRINA MALEATO 0.2MG/1ML AMPOLLA (CADENA DE FRIO),2.1150793650793647,7800061180108,29/05/2022,Dismeven
,ESOZ (ESOMEPRAZOL) 20 MG X 14 CAP  (GALENO),17.742400000000004,7592454889285,29/05/2022,Dismeven
,ESOZ (ESOMEPRAZOL) 40 MG X 14 CAP (GALENO),21.840000000000003,7592454889292,29/05/2022,Dismeven
,ESOZ (ESOMEPRAZOL) 40 MG X 7 CAP (GALENO),14.34,7592454891271,29/05/2022,Dismeven
,EUSILEN (TIOCOLCHICOSIDO) 4mg X 15 COMPRIMIDOS ,38.46960000000001,7591818222164,29/05/2022,Dismeven
,EUSILEN (TIOCOLCHICOSIDO) 4MG X 8 COMPRIMIDOS ,21.4864,7591818116005,29/05/2022,Dismeven
,FENITOINA 100 MG X 30 COMP,9.925396825396826,7896112114574,29/05/2022,Dismeven
,"FENOTEROL BROMHIDRATO 0,5MG/10ML AMPOLLA (07/2022)",27.92936507936508,7800061200103,29/05/2022,Dismeven
,FERRONIL (SULFATO FERROSO) 40 MG X 50 COMP (EQ. FERGANIC),8.551562500000001,7896112144892,29/05/2022,Dismeven
,FEXOFENADINA CLORHIDRATO 180 MG X 7 TAB RECUBIERTAS,13.14,7703763371037,29/05/2022,Dismeven
,FEXOFENADINA HCL 30MG/5ML X 120 ML SUSPENSION (11/2022),24.019047619047623,7592454006186,29/05/2022,Dismeven
,FISIOLIN SOL.NASAL 15 ML PEDIATRICO,16.053968253968254,7591196002198,29/05/2022,Dismeven
,FLAGIMAX (METRONIDAZOL) 40 MG/ ML X 100 ML SUSP (EQ. METREN),10.915873015873016,7897917001557,29/05/2022,Dismeven
,FLAVOL (TRIHIDROXIETILRUTINA) 300 MG X 20 CAPSULAS,18.200000000000003,7592806131031,29/05/2022,Dismeven
,FLAVOXATO 200 MG X 20 TAB,13.1,7598578000421,29/05/2022,Dismeven
,FLAXOL (OMEGA 3 6 9) X 30 CAPSULAS BLANDAS,43.68,7592637005327,29/05/2022,Dismeven
,FLEXENEMA (FOSFATO DE SODIO MONOBASICO 160MG/ML + FOSFATO DE SODIO DIBASICO 60 MG/ ML) 130 ML,19.964285714285715,7894164005239,29/05/2022,Dismeven
,FLORENT (SACHAROMYCES BOULARDII) 100 MG X 12 CAPS (EQ. PROLARDII),10.603125,7898158692221,29/05/2022,Dismeven
,FLORENT (SACHAROMYCES BOULARDII) 200 MG X 6 CAPS (EQ. PROLARDII),10.603125,7898495608770,29/05/2022,Dismeven
,FLUCONAZOL 150 MG CAPSULAS,8.676984126984127,7598008000397,29/05/2022,Dismeven
,FLUCONAZOL 150 MG X 2 CAP,3.2603174603174603,7898216360406,29/05/2022,Dismeven
,FLUDIL (FLUNARIZINA)  10 MG X 20 TAB (GALENO),24.36,7592454345057,29/05/2022,Dismeven
,FLUNARIZINA 10 MG X 10 TAB,6.95703125,8906089281175,29/05/2022,Dismeven
,FOSFOMICINA 250 MG/5 ML X 60 ML POLVO PARA SUSPENSION ORAL,32.68571428571428,7468191033437,29/05/2022,Dismeven
,FRIXONIL X 60 ML SOLUCION EN SPRAY ANALGESICO DE USO TÓPICO,15.600000000000001,7592782001830,29/05/2022,Dismeven
,FUNGOMAX (FLUCONAZOL) 200 MG/100 ML,12.85,0,29/05/2022,Dismeven
,FUNOK (ITRACONAZOL) 100 MG X 4 CAP (EQ. FUNGOSIN),10.358730158730157,7895296444163,29/05/2022,Dismeven
,FUROSEMIDA (EDEMID) 10MG/ML X 2 ML SOL INY IM. IV ,7.68,7592637396999,29/05/2022,Dismeven
,FUROSEMIDA (NACUA) 40 MG X 12 TAB,10.4,7592806133295,29/05/2022,Dismeven
,FUROSEMIDA 40 MG TAB ,2.0015873015873016,7469106377387,29/05/2022,Dismeven
,FUROSEMIDA 40 MG TABLETAS,2.4865079365079366,7598008000403,29/05/2022,Dismeven
,GABAPENTINA 400 MG X 20 CAP,23.16,7590027002109,29/05/2022,Dismeven
,GASA ESTERIL PARA QUEMADOS (4.5 X 4.1 YDS),6.868363636363637,810028130050,29/05/2022,Dismeven
,GEL ANTIBACTERIAL SANITIZANTE X 120 ML,4.973015873015873,759723000168,29/05/2022,Dismeven
,GENTAMICINA x 5 ml SOL OFTALMICA,16.65,7591196002136,29/05/2022,Dismeven
,GLIBENCLAMIDA 5 MG TABLETAS,1.8055555555555556,7598008000410,29/05/2022,Dismeven
,GLIBENCLAMIDA 5 MG TABLETAS,3.9722222222222228,7468999181606,29/05/2022,Dismeven
,GLIBENCLAMIDA 5 MG X 30 COMP,2.8742187500000003,7896714217093,29/05/2022,Dismeven
,GLIBENCLAMIDA 5 MG X 30 COMP,3.002380952380953,7899095249707,29/05/2022,Dismeven
,"GLICEL ADULTO  2,5 G X 6  SUPOSITORIOS DE GLICERINA",11.9234375,7898100242955,29/05/2022,Dismeven
,"GLICEL PEDIATRICO  1,5 G X 6 SUPOSITORIOS DE GLICERINA",11.9234375,7898100243808,29/05/2022,Dismeven
,GLIMEPIRIDE 2 MG TABLETAS,2.4865079365079366,7598008000427,29/05/2022,Dismeven
,GLIMEPIRIDE 2 MG X 16 TAB (ÉLTER),12.44,7703763165056,29/05/2022,Dismeven
,GLIMEPIRIDE 4 MG X 16 TAB (ÉLTER),16.6,7703763165063,29/05/2022,Dismeven
,GLIPTIN-M (SITAGLIPINA + METFORMINA) 50 MG - 500 MG X 10 TAB,18.71587301587302,759651957551,29/05/2022,Dismeven
,GLUCONATO DE CALCIO AL 10% / 10ML AMPOLLA,5.437301587301587,7800061240509,29/05/2022,Dismeven
,GLUCONATO DE CALCIO AL 10% X 100 ML SOLUCION,18.6,7592637000988,29/05/2022,Dismeven
,GLUSTAR 20 MG X 14 TABLETAS RECUBIERTAS (09/2022),15.16,7703763200627,29/05/2022,Dismeven
,GUANTES DE EXAMEN DE LATEX T- L CAJA X 100,89.15781818181817,7595059001007,29/05/2022,Dismeven
,GUANTES DE EXAMEN DE LATEX T- M CAJA X 100,89.15781818181817,7595059000994,29/05/2022,Dismeven
,GUANTES DE EXAMEN DE LATEX T- S CAJA X 100,89.15781818181817,7595059000987,29/05/2022,Dismeven
,GUANTES DE EXAMEN DE NITRILO T- L CAJA X 100,101.8996363636364,7595059001090,29/05/2022,Dismeven
,GUANTES DE EXAMEN DE NITRILO T- M CAJA X 100,101.8996363636364,7595059001083,29/05/2022,Dismeven
,GUANTES DE EXAMEN DE NITRILO T- S CAJA X 100,101.8996363636364,7595059001076,29/05/2022,Dismeven
,GYNO-BIO (METRONIDAZOL 500 MG + MICONAZOL NITRATO 100 MG) X 14 COMPRIMIDOS,8.11484375,18904030979338,29/05/2022,Dismeven
,HALOPERIDOL 5 MG X 10 TAB,5.148412698412699,8906089281182,29/05/2022,Dismeven
,HEDRALIV JARABE X 120 ML,19.5,7592454002301,29/05/2022,Dismeven
,HIDRALI X 500 ML SOLUCION HIDRATANTE SABOR GUARANA (EQ REHIDROSOL),12.48203125,789416400413,29/05/2022,Dismeven
,HIDRALI X 500 ML SOLUCION HIDRATANTE SABOR NARANJA (EQ REHIDROSOL),12.48203125,7894164005420,29/05/2022,Dismeven
,HIDRALI X 500 ML SOLUCION HIDRATANTE SABOR TUTTI FRUTI (EQ REHIDROSOL),12.48203125,7894164005437,29/05/2022,Dismeven
,HIDROCLOROTIAZIDA 50 MG X 10 TAB,2.9250000000000003,18906047595037,29/05/2022,Dismeven
,HIDROCORTISONA (WELLSONA) 100 MG POLVO PARA INYECCION I.M/I.V,9.564285714285715,8904307702280,29/05/2022,Dismeven
,HIDROCORTISONA 1 % CREMA X 15 G,6.871428571428572,18906101701473,29/05/2022,Dismeven
,HIDROCORTISONA 500 MG PVO P/ INYECCION,18.602380952380955,7598008000885,29/05/2022,Dismeven
,HIERRO SACARATO 20 MG/ML INYECCION,10.79609375,7598008000892,29/05/2022,Dismeven
,HIOSCINA BUTILBROMURO 10 MG TABLETAS (EQ. BUSCAPINA),5.5817460317460315,7598008000441,29/05/2022,Dismeven
,"HISTALER (DESLORATADINA) 0,5 MG/ML X 60 ML JARABE PEDIATRICO",12.407200000000001,7591020008112,29/05/2022,Dismeven
,IBUCAF (IBUPROFENO + CAFEINA) 200MG-3MG X 20 TAB,13.0,7591519006162,29/05/2022,Dismeven
,IBUCOLVAL (IBUPROFENO 600 MG + TIOCOLCHICOSIDO 4 MG) X 20 TABLETAS RECUBIERTAS,40.69520000000001,7591020008648,29/05/2022,Dismeven
,IBUPROFENO (BUPROVIL) 600 MG                                                           X 20 COMPRIMIDOS REVESTIDOS,8.17142857142857,7896472513307,29/05/2022,Dismeven
,IBUPROFENO (IBUFENAC) 400 MG X 20 CAP,11.856000000000002,7592806131048,29/05/2022,Dismeven
,IBUPROFENO + TIOCOLCHICOSIDO 600 MG X 10 TAB,13.1,7598578000247,29/05/2022,Dismeven
,IBUPROFENO 400 MG + TIOCOLCHICOSIDO 4 MG (IBUTIL) X 20 COMP,33.072,7592806134162,29/05/2022,Dismeven
,IBUPROFENO 400 MG X 10 TABLETAS RECUBIERTAS ENTERICAS,6.4,7594001101123,29/05/2022,Dismeven
,IBUPROFENO 400 MG X 20 GRAGEAS,10.58,7590027000631,29/05/2022,Dismeven
,IBUPROFENO 400 MG X 20 TABLETAS RECUBIERTAS,6.16,7592236002178,29/05/2022,Dismeven
,IBUPROFENO 600 MG X 10 TAB,3.03671875,18906047593156,29/05/2022,Dismeven
,IBUPROFENO 800 MG TABLETAS,5.746825396825398,7598008000458,29/05/2022,Dismeven
,INFLAPRED (PREDNISOLONA ACETATO) 10MG/ML X 5 ML SUSPENSION OFTALMICA (09/2022),15.837301587301587,7703763093168,29/05/2022,Dismeven
,IRBESARTAN 150 MG X 10 TAB (PHARMETIQUE LABS),15.21,7592454002547,29/05/2022,Dismeven
,ITISONA X 30 GR CREMA (10/2022),13.65,7592454001182,29/05/2022,Dismeven
,IVERMECTINA 6 MG X 4 TAB,6.895200000000001,7591020009041,29/05/2022,Dismeven
,JARABE DE ACHICORIA 120 ML ,10.36,25525755,29/05/2022,Dismeven
,JARABE DE BERRO 120ML,10.36,25525748,29/05/2022,Dismeven
,JARABE DE LAMEDOR 120ML,10.73,25525762,29/05/2022,Dismeven
,JARABE DE SEN (SENOLAX) 120ML,11.54,1100198,29/05/2022,Dismeven
,JARABE DE VALERIANA 120ML,17.773600000000002,7593090000997,29/05/2022,Dismeven
,JARABE DE ZABILA CON MIEL 120ML (ADULTOS),18.876,759309000973,29/05/2022,Dismeven
,JARABE DE ZABILA CON MIEL 120ML (PEDIATRICO),18.095999999999997,7593090000980,29/05/2022,Dismeven
,JARABE PASSIFLORA 120 ML,17.0664,7593090002205,29/05/2022,Dismeven
,JARABE PASSIFLORA PLUS 180ML,12.42,1100181,29/05/2022,Dismeven
,JERINGA 10 CC  21G X 1 1/2 C/R,0.5672727272727269,7595059000754,29/05/2022,Dismeven
,JERINGA DE INSULINA  1 CC 29G X 1/2,0.48,810028130296,29/05/2022,Dismeven
,KETODAC (KETOPROFENO) 100 MG X 10 CAPSULAS BLANDAS,7.48515625,7598578000353,29/05/2022,Dismeven
,KETOPROFENO 100MG X 20 TAB RECUBIERTAS,11.38015873015873,7594001101185,29/05/2022,Dismeven
,KIT DE NEBULIZACION PEDIATRICO,4.730181818181816,810028130449,29/05/2022,Dismeven
,LABICIS (ACICLOVIR) 50MG CREMA,13.722222222222223,7597072000234,29/05/2022,Dismeven
,LACRIFORT SOLUCION OFTALMICA X 10 ML,16.642063492063492,7591196007179,29/05/2022,Dismeven
,LACTOVAC (LACTOBACILLUS ACIDOPHILUS) ADULTO X 12 ML (08/2022),11.18,7596855000027,29/05/2022,Dismeven
,"LACTULAXY (LACTULOSA) 66,7 MG/ML X 120 ML SUSP SABORN CIRUELA (EQ. MODERAN)",15.5390625,7894164005925,29/05/2022,Dismeven
,LAGRIOFTOL 3% (HIDROXIPROPIL METILCELULOSA) X 5 ML SOLUCION OFTALMICA (LAGRIMAS ARTIFICIALES) ,18.643650793650792,7703763081134,29/05/2022,Dismeven
,"LANDGRA (SILDENAFILO)  100 MG GEL ORAL SABOR ""BANANA""       (EQ. KAMAGRA)",3.7452380952380953,7598008001066,29/05/2022,Dismeven
,"LANDGRA (SILDENAFILO)  100 MG GEL ORAL SABOR ""CARAMELO""   (EQ. KAMAGRA)",3.7452380952380953,7598008001080,29/05/2022,Dismeven
,"LANDGRA (SILDENAFILO)  100 MG GEL ORAL SABOR ""FRAMBUESA""  (EQ. KAMAGRA)",3.7452380952380953,7598008001110,29/05/2022,Dismeven
,"LANDGRA (SILDENAFILO)  100 MG GEL ORAL SABOR ""FRESA""           (EQ. KAMAGRA)",3.7452380952380953,7598008001127,29/05/2022,Dismeven
,"LANDGRA (SILDENAFILO)  100 MG GEL ORAL SABOR ""MANGO""          (EQ. KAMAGRA)",3.7452380952380953,7598008001097,29/05/2022,Dismeven
,"LANDGRA (SILDENAFILO)  100 MG GEL ORAL SABOR ""NARANJA""      (EQ. KAMAGRA)",3.7452380952380953,7598008001103,29/05/2022,Dismeven
,"LANDGRA (SILDENAFILO)  100 MG GEL ORAL SABOR ""PIÑA""              (EQ. KAMAGRA)",3.7452380952380953,7598008001073,29/05/2022,Dismeven
,"LANDGRA (SILDENAFILO) 100 MG GEL ORAL ""SIETE SABORES""         (EQ. KAMAGRA)",24.63809523809524,7598008001042,29/05/2022,Dismeven
,LANDGRA (SILDENAFILO) 100 MG TABLETAS X 4 (EQ. VIAGRA),4.374603174603175,7598008001059,29/05/2022,Dismeven
,LANOLZINC (OXIDO DE ZINC AL 15% + ACEITE DE HIGADO DE BACALAO AL 11%) X 60 GR,14.331199999999999,7591020001328,29/05/2022,Dismeven
,LANSOPRAZOL 30 MG X 28 CAP,22.75,7591519001624,29/05/2022,Dismeven
,"LATACOF DUO (LATANOPROST 0,005% + TIMOLOL 0,5%) X 2,5 ML SOLUCION OFTALMICA",43.430400000000006,7591818716809,29/05/2022,Dismeven
,LATANOPROST 0.005% m/v GOTAS OFTALMICAS X 3 ML (CADENA DE FRIO),17.519047619047623,7598008000908,29/05/2022,Dismeven
,LEFLORA (LACTOBACILUS ACIDOPHILUS) X 12 CAP,17.661718750000002,7894164008216,29/05/2022,Dismeven
,LEPRIT (LEVOSULPIRIDE)  ENZIMATICO X 6 GRAGEAS .ÉLTER ,32.97,7703763208920,29/05/2022,Dismeven
,LETALOP (QUETIAPINA) 100 MG X 30 COMP,73.76720000000002,7595638004218,29/05/2022,Dismeven
,LETALOP (QUETIAPINA) 25 MG X 30 COMP,40.55,7595368004195,29/05/2022,Dismeven
,LEVOFLOXACINA 750 MG X 10 TAB,19.892063492063492,18906101702067,29/05/2022,Dismeven
,LEVOFLOXACINO 500 MG/ 100 ML SOL PARA INF IV,34.68730158730158,0,29/05/2022,Dismeven
,"LEVONORGESTREL (DIA-D)                                                                                                                                           PASTILLA DE EMERGENCIA 1,5 MG  X 1 COMP",3.611111111111111,7896523216812,29/05/2022,Dismeven
,"LEVONORGESTREL (POSLOV)                                                                                                                                       PASTILLA DE EMERGENCIA 1,5 X 1 COMP (11/2022)",1.0523809523809526,7898505095545,29/05/2022,Dismeven
,"LEVONORGESTREL + ETINILESTRADIOL (0,15 MG + 0,03 MG) TABLETAS",9.368253968253969,7598008000465,29/05/2022,Dismeven
,"LEVONORGESTREL 1,5 MG TABLETAS (PASTILLA DE EMERGENCIA)",5.9222222222222225,7598008000472,29/05/2022,Dismeven
,LEVOSULPIRIDE 25 MG X 30 TABLETAS,16.6,7592454889995,29/05/2022,Dismeven
,LEVOTEC (LEVOFLOXACINA) 500 MG 5MG/ML x 100ML SOLUCION P/ INFUSIÓN INTRAVENOSA,21.4,7692637000113,29/05/2022,Dismeven
,LEVOTIROXINA 100 MCG X 10 TAB,4.250793650793651,8906089281205,29/05/2022,Dismeven
,LEVOTIROXINA 100 MCG X 30 TAB,9.98359375,8906121690071,29/05/2022,Dismeven
,LEVOTIROXINA SODICA 100 MCG TABLETAS,3.611111111111111,7598008000489,29/05/2022,Dismeven
,LEVOTIROXINA SODICA 25 MCG TABLETAS,2.992063492063492,7598008000502,29/05/2022,Dismeven
,LEVOTIROXINA SODICA 50 MCG TABLETAS,3.291269841269841,7598008000496,29/05/2022,Dismeven
,LIBERFOR (COMPLEJO B) (10/2022),5.16,7592236002093,29/05/2022,Dismeven
,LIDOCAINA 2% INYECCION I.M - S.C X 50 ML,7.48515625,203571228280,29/05/2022,Dismeven
,LIMOLAX (LIMONADA PURGANTE) x 250 ML,12.36,915,29/05/2022,Dismeven
,LINEZID 600 MG/300 ML INF,71.45,7592637396876,29/05/2022,Dismeven
,"LINOFEME (LEVONORGESTREL 0,15 MG + ETINILESTRADIOL 0,03 MG) X 21 COMP",4.1234375,7908020502586,29/05/2022,Dismeven
,LLAVE DE 3 VIAS ,1.4399999999999995,810028130135,29/05/2022,Dismeven
,LOCION LIMPIADORA 110 ML,8.36,112244006691,29/05/2022,Dismeven
,LOCION MC (ANTIACNÉ) X 110 ML,13.04,112244006660,29/05/2022,Dismeven
,LOCION TRICOPEL 140 ML,17.6,112255000831,29/05/2022,Dismeven
,LOPERAMIDA 2 MG TABLETAS,1.753968253968254,7598008000519,29/05/2022,Dismeven
,LORACERT (LORATADINA 5 MG + PSEUDOEFEDRINA SULFATO 60MG/5ML) X 60 ML  SABOR A CEREZA,8.19,7592454153294,29/05/2022,Dismeven
,LORADEX (LORATADINA) 10MG X 10 TAB,4.157936507936509,7594001101383,29/05/2022,Dismeven
,LORADEX (LORATADINA) 1MG/ML X 30 ML JARABE,5.148000000000001,7594001101635,29/05/2022,Dismeven
,LORASLIV (LORATADINA) 10 MG X 12 COMP,3.74765625,7898049790180,29/05/2022,Dismeven
,LORATADINA 10 MG DISPENSADOR X 25 BLISTER X 5 TAB (MEDIGEN),62.576800000000006,7591196006219,29/05/2022,Dismeven
,LORATADINA 10 MG TAB X10,5.044,7591196002990,29/05/2022,Dismeven
,LORATADINA 10 MG TABLETAS,2.723809523809524,7598008000526,29/05/2022,Dismeven
,LORATADINA 10 MG X 20 TAB (ELTER),9.894444444444446,7592454889605,29/05/2022,Dismeven
,LOSAPRES PLUS (LOSARTAN + HIDROCLOROTIAZIDA) 50 MG / 12.5 MG X 28 TAB,18.270000000000003,8699525093363,29/05/2022,Dismeven
,LOSARTAN + HIDROCLOROTIAZIDA 100 /25 MG X 30 TAB RECUBIERTAS (ÉLTER) (11/2022),29.04,7592454889728,29/05/2022,Dismeven
,"LOSARTAN + HIDROCLOROTIAZIDA 50/12,5 MG X 15 TAB (ÉLTER)",12.700793650793653,7703763190270,29/05/2022,Dismeven
,LOSARTAN POTASICO  50 MG X 14 COMPRIMIDOS RECUBIERTOS,8.2,7590027002499,29/05/2022,Dismeven
,LOSARTAN POTASICO 100 MG TABLETAS,3.683333333333333,7598008000724,29/05/2022,Dismeven
,LOSARTAN POTASICO 100 MG X 10 TAB REC (ÉLTER),11.06,7592454891165,29/05/2022,Dismeven
,LOSARTAN POTASICO 50 MG X 14 TAB. ÉLTER,9.894444444444446,7703763190034,29/05/2022,Dismeven
,LOSARTAN POTASICO 50 MG X 30 COMP ,4.2453125,7896112114185,29/05/2022,Dismeven
,LUFTY GEL (SIMETICONA) 125 MG DISPENSADOR X 25 BLISTER X 3 CAP BLANDAS (EQ. EVIGAX),48.171093750000004,7894164006083,29/05/2022,Dismeven
,MADECASSOL UNG. AL 1% x 10 G,21.684,7592348413824,29/05/2022,Dismeven
,MAGMILK X 100 ML SUSP (EQ. MAALOX),6.8046875,7894164005727,29/05/2022,Dismeven
,MAGMILK X 100 ML SUSP SABOR MENTA (EQ. MAALOX),6.3070312500000005,7894164005734,29/05/2022,Dismeven
,"MARADEX (DEXAMETASONA) 0,1% X 15 ML SUSPENSION OFTALMICA",17.509999999999994,7591196000323,29/05/2022,Dismeven
,MASCARA DE OXIGENO PEDIATRICO,3.936,810028130422,29/05/2022,Dismeven
,MASCARILLA DESECHABLE  PARA NIÑOS KF94,8.734375,0,29/05/2022,Dismeven
,MASCARILLA DESECHABLE AZUL 3 CAPAS,14.848437500000001,0,29/05/2022,Dismeven
,MASCARILLA DESECHABLE INFANTIL MIXTAS X 50 UNIDADES,21.852380952380955,2000104024375,29/05/2022,Dismeven
,MASCARILLA DESECHABLE NEGRA 3 CAPAS TERMOSELLADO,21.8359375,0,29/05/2022,Dismeven
,MASCARILLA KN95,31.21031746031746,0,29/05/2022,Dismeven
,MEBENDAZOL 100 MG/ 5 ML X 30 ML ,7.850781250000001,18906101701565,29/05/2022,Dismeven
,MELOXICAM  15 MG X 10 TAB (ÉLTER),14.94,7592454162050,29/05/2022,Dismeven
,"MELOXICAM  7,5 MG X 10 TAB (ÉLTER)",12.700793650793653,7592544162005,29/05/2022,Dismeven
,"MELOXICAM 7,5 MG X 10 COMP",4.85952380952381,7898216366552,29/05/2022,Dismeven
,MEMANTINA 20 MG X 10 TAB,6.946875,18906047594382,29/05/2022,Dismeven
,MEROPENEM (MEROCON) 1 G POLVO PARA INY I.V (SAFECON LIFESCIENCES),41.18730158730159,7598578000339,29/05/2022,Dismeven
,MEROPENEM (OPIPENEM) 1 G POLVO PARA INYECCION + AGUA ESTERIL PARA INYECCION X 10 ML ,60.8936507936508,0,29/05/2022,Dismeven
,METFORMINA 500 MG TABLETAS,2.4349206349206347,7598008000540,29/05/2022,Dismeven
,METFORMINA 500 MG X 30 TABLETAS,8.917187499999999,7598578000155,29/05/2022,Dismeven
,METFORMINA 850 MG X 30 COMP,10.853968253968253,7896112126485,29/05/2022,Dismeven
,METFORMINA CLORHIDRATO 500 MG X 30 COMP,5.9944444444444445,7896112126478,29/05/2022,Dismeven
,METFORMINA CLORHIDRATO 850 MG X 28 TAB,11.055200000000003,7591519003734,29/05/2022,Dismeven
,METILCANFOR (SALICILATO DE METILO) FRICCION X 120 ML,10.4,7592236002291,29/05/2022,Dismeven
,METOCLOPRAMIDA 10 MG TABLETAS,2.465873015873016,7598008000557,29/05/2022,Dismeven
,"METOTREXATO 2,5 MG TABLETAS",4.962698412698413,7598008000922,29/05/2022,Dismeven
,METOTREXATO 50 MG/ 2 ML SOL/ INYECCION ,16.858730158730157,7598008000915,29/05/2022,Dismeven
,METRONIDAZOL (HELMIZOL) 250 MG X 20 COMP,7.965079365079365,7896112140528,29/05/2022,Dismeven
,METRONIDAZOL 250 MG X 20 COMP,7.965079365079365,7896112102519,29/05/2022,Dismeven
,METRONIDAZOL 500 MG TABLETAS,3.683333333333333,7598008000564,29/05/2022,Dismeven
,METRONIDAZOL 500 MG X 10 COMPRIMIDOS,10.81,7590027002147,29/05/2022,Dismeven
,METRONIDAZOL 500 MG X 10 TABLETAS VAGINALES + APLICADOR,11.483333333333334,7598008000939,29/05/2022,Dismeven
,METRONIDAZOL INFUSION IV 500 MG/100 ML,3.5648437499999996,203571228341,29/05/2022,Dismeven
,METSIGLIN (METFORMINA 500 MG + SITAGLIPINA 50 MG) X 10 COMP,19.759999999999994,7592806134131,29/05/2022,Dismeven
,MEZHITIN (MEMANTINA) 10MG X 50 COMP,58.05,7595368000050,29/05/2022,Dismeven
,MICODERM X 50 G POMADA ANTIMICOTICA A BASE DE AZUFRE ,13.474603174603176,7596139004185,29/05/2022,Dismeven
,"MICOSMER METRONIDAZOL 2,5G FLUCONAZOL 2% CREMA (07/2022)",11.235714285714288,7597072000241,29/05/2022,Dismeven
,MIOVIT COMPOSITUM SOL INYECT. KIT X 1 AMP,10.79,7591818113011,29/05/2022,Dismeven
,"MIPAX (PRAMIPEXOL) 0,25 MG X 30 COMPRIMIDOS RANURADOS",38.12,724373531069,29/05/2022,Dismeven
,MIPAX (PRAMIPEXOL) 1 MG X 30 COMP,39.81120000000001,7597767000822,29/05/2022,Dismeven
,MIRTAZAVAL (MIRTAZAPINA) 30 MG X 30 TABLETAS RECUBIERTAS,27.674400000000002,7591020008747,29/05/2022,Dismeven
,MISULVAN (AMBROXOL CLORHIDRATO) 15MG/5ML  X 120 ML JARABE PEDIATRICO ,8.501587301587302,7594001100614,29/05/2022,Dismeven
,"MISULVAN (AMBROXOL CLORHIDRATO) 7,5 MG/ML X 30 ML SOLUCION GOTAS (06/2022)",6.895200000000001,759001100591,29/05/2022,Dismeven
,MI-VIT X 1G X 30 SOBRES ALIMENTO EN POLVO A BASE DE MALTODEXTRINA CON VITAMINA Y MINERALES,24.38,7591519000313,29/05/2022,Dismeven
,"MOMEQ (MOMETASONA FUROATO) AL 0,1% X 15 GR ",17.2,7592454889667,29/05/2022,Dismeven
,"MONALIZ (MOMETASONA FUROATO) AL 0,05% X 18 G SPRAY NASAL",35.7552,8699525546234,29/05/2022,Dismeven
,MONO CORTO PARA PACIENTE (09/2022),7.418181818181819,0,29/05/2022,Dismeven
,MONONITRATO DE ISOSORBIDA 20 MG X 30 COMP (EQ. ELANTAN),11.792857142857143,7898910350062,29/05/2022,Dismeven
,MONTELUKAST 10 MG X 30 TAB REC (MEDIGEN),30.62222222222222,7591196003447,29/05/2022,Dismeven
,MORFINA CHT 10MG/1ML AMPOLLA,5.37265625,7800061330107,29/05/2022,Dismeven
,MOVIMEX (MELOXICAM) 15MG X 10 TAB,13.8424,7591196004093,29/05/2022,Dismeven
,MOXIFLOXACINA (MEGAMOX) 400 MG/ 250 ML X 250 ML SOL INY IV,51.23,7592637397392,29/05/2022,Dismeven
,MULTIVITAMINA X 100 ML JARABE,12.102380952380953,18906101701602,29/05/2022,Dismeven
,MYDROX (TROPICAMIDA) SOLUCION OFTALMICA X 5 ML,8.112,7591196003409,29/05/2022,Dismeven
,N°1 DEXTROSA  5% EN AGUA DESTILADA  X 500 ML ,13.48,7592637005068,29/05/2022,Dismeven
,"N°28 DEXTRO-SAL  0,30% SOL FB X 500 ML ",10.36,7592637005082,29/05/2022,Dismeven
,"N°29 DEXTRO-SAL 0,45% SOL FB X 500 ML",16.47,7592637005099,29/05/2022,Dismeven
,N°38 MANITOL AL 18% X 500 ML SOLUCION,27.77,7592637001190,29/05/2022,Dismeven
,N°4 DEXTROSA 5% EN SOLUCION FIOSOLOGICA X 500 ML,14.97,7592637005075,29/05/2022,Dismeven
,N°49 AGUA DESTILADA X 500ML,17.85,4592637000391,29/05/2022,Dismeven
,NANOCREAM X 50 G POMADA DERMOPROTECTORA DE HAMAMELIS ,16.22936507936508,7596139000293,29/05/2022,Dismeven
,NANPROFEN (IBUPROFENO) 100 MG/5 ML X 100 ML SUSPENSION,11.235714285714288,18906101701640,29/05/2022,Dismeven
,NAPROX (NAPROXENO) 500 MG X 10 COMP,11.483333333333334,7896112173403,29/05/2022,Dismeven
,"NEBUDINA AMP (BROMURO DE IPRATROPIO) 0,9/ 3 ML SOL P/ NEBULIZAR",7.180952380952381,7468999198666,29/05/2022,Dismeven
,NEBULIZADOR PORTATIL MESH,243.36825396825395,7598008000731,29/05/2022,Dismeven
,NERALGYN (ISOMETEPTENO 30 MG + DIPIRONA 300 MG + CAFEINA 30 MG) X 20 COMP (EQ. IVAGAN),5.303174603174603,7898158694416,29/05/2022,Dismeven
,NIFEDIPINA 10 MG TABLETAS,1.3412698412698414,7598008000571,29/05/2022,Dismeven
,NIFEDIPINA 20 MG TABLETAS,1.9603174603174605,7598008000588,29/05/2022,Dismeven
,NITAZOXANIDA 500 MG X 6 TAB MASTICABLES,30.42,0,29/05/2022,Dismeven
,"NOTISON 0,25MG X 20 COMP",16.900000000000002,7591619519005,29/05/2022,Dismeven
,OMEPRAZOL (EUPEPT) 20 MG X 30 CAPSULAS,7.1703125000000005,7898495604376,29/05/2022,Dismeven
,OMEPRAZOL 20 MG CAPSULAS,2.321428571428572,7598008000601,29/05/2022,Dismeven
,OMEPRAZOL 40 MG POLVO PARA INYECCION IV,5.303174603174603,7598008001219,29/05/2022,Dismeven
,OMEPRAZOL 40 MG/ 10 ML POLVO LIOFILIZADO PARA INY IV ,8.986507936507937,189190009816,29/05/2022,Dismeven
,ONDATRIN (ONDASETRON) 2ML / ML X 2 ML SOL INYECTABLE I.V AMPOLLA,14.29,7592637008281,29/05/2022,Dismeven
,OXACILINA 1 G IM/IV,3.920634920634921,0652931974280,29/05/2022,Dismeven
,OXACILINA 1G PVO P/ SOLUCION INYECTABLE I.M/ I.V,2.4452380952380954,6921875006048,29/05/2022,Dismeven
,"OXIMETAZOLINA CLORHIDRATO 0,025% X 15 ML SOL NASAL",13.1976,759020007511,29/05/2022,Dismeven
,OXYDERME (NISTATINA 100000 UI + OXIDO DE ZINC 200 MG) POMADA X 60 GR,10.596031746031747,7898158693228,29/05/2022,Dismeven
,PAPAVERYL SOLUCION GOTAS x 30ml,20.8,7592782000611,29/05/2022,Dismeven
,PARACETAMOL (TYFLEN) 32 MG/ ML X 60 ML JARABE PEDIATRICO SABOR CEREZA (EQ. APIRET),5.9222222222222225,7898100242726,29/05/2022,Dismeven
,PARGEVERINA 5MG/1ML AMPOLLA (06/2022),4.797619047619048,7800061001359,29/05/2022,Dismeven
,PEDIANUTRI X 20 ML GOTAS SABOR TUTII FRUTTI (EQ HENOVIC),6.67265625,7898277714361,29/05/2022,Dismeven
,PENICILINA BENZATINICA 1.200.000 UI PVO P/ SUSPENSION INYECTABLE I.M,2.1047619047619053,6921875009889,29/05/2022,Dismeven
,PENICILINA BENZATINICA 2.400.000 UI PVO P/ SUSPENSION INYECTABLE I.M,2.8476190476190473,6921875009896,29/05/2022,Dismeven
,PENICILINA G BENZATINICA 2.400.000 UI,3.5801587301587303,0652931975720,29/05/2022,Dismeven
,PIRACETAM 800 MG X 10 TAB,22.9734375,8904330300200,29/05/2022,Dismeven
,PIROXICAM 20 MG X 10 CAP (ELTER),11.06,7592454172073,29/05/2022,Dismeven
,PLABEL (METOCLOPRAMIDA) 10 MG X 20 COMP,3.49375,7897917000963,29/05/2022,Dismeven
,POLIAMIN 10% SOLUCION 500 ML,128.61,7592637001367,29/05/2022,Dismeven
,POLIMAIS A-Z X 60 CAPSULAS,12.1671875,7898633381800,29/05/2022,Dismeven
,POLIMAIS KIDS PATRULLA CANINA X 240 ML SABOR TUTTI FRUTTI,23.02421875,7598633382005,29/05/2022,Dismeven
,POMADA CEROX 60G,10.3,00224,29/05/2022,Dismeven
,PREDNISOLONA 5 MG TABLETAS,3.053968253968254,7598008000618,29/05/2022,Dismeven
,PREGABALINA 75 MG X 10 TAB (EQ. LYRICA),9.53671875,18906047593910,29/05/2022,Dismeven
,PREGABALINA 75 MG X 30 CAPSULAS (EQ. LYRICA),23.400000000000002,7896112172130,29/05/2022,Dismeven
,PRELIVAL (PREGABALINA) 150 MG X 20 CAP (09/2022),33.6128,7591020081009,29/05/2022,Dismeven
,PRELIVAL (PREGABALINA) 75 MG X 20 CAP,23.7016,7591020080996,29/05/2022,Dismeven
,PRESIDERM (MUPIROCINA) 2% X 15 GR UNGÜENTO,23.4,7591619520513,29/05/2022,Dismeven
,PROAPETIC BC X 240 ML SUSPENSION (EQ. LISIN-B) ,11.9234375,7898216365920,29/05/2022,Dismeven
,PROCILUS D2 (BACILLUS CLAUSII + ZINC) 10 SOBRES X 1 G SABOR UVA,55.9,7709031877546,29/05/2022,Dismeven
,PROGESTERONA 200 MG X 10 TAB DE LIBERACION SOSTENIDA,25.2078125,203571228099,29/05/2022,Dismeven
,PROGESTERONA 200 MG X 10 TAB VAGINALES + APLICADOR,28.630468750000002,203571228112,29/05/2022,Dismeven
,PROPANOLOL 40MG X 20 COMP PLUSANDEX,6.242063492063492,7594001100171,29/05/2022,Dismeven
,PROPOFOL 200 MG / 20 ML AMP,21.852380952380955,0,29/05/2022,Dismeven
,PROVIM (VITAMINAS Y MINERALES) X 20 GRAGEAS,16.384126984126986,7594001100164,29/05/2022,Dismeven
,"PULMOLIX LABS (N-ACETILCISTEINA) 600 MG X 10 SOBRES 1,5 G POLVO PARA SOLUCION ORAL (PARMETIQUE LABS) EQ. LYSOMUCIL",44.34,7703763661060,29/05/2022,Dismeven
,"QUADRIMER (BETAMETASONA 1% - FLUCONAZOL 2,5% -GENTAMICINA 1%) X 20 GR CREMA",15.734126984126984,7597072001826,29/05/2022,Dismeven
,QUINOFTAL SOL. OFTALMICA,17.86,7591196000439,29/05/2022,Dismeven
,QUINOMAX SOL. OFTALMICA,18.68,7591196003416,29/05/2022,Dismeven
,REDUBEN (NIMESULIDE) 100MG X 10 TAB,20.695999999999998,7591818116067,29/05/2022,Dismeven
,REGULADOR DE FLUJO (CUENTA GOTAS),6.554181818181817,7595059000963,29/05/2022,Dismeven
,REHIDROSOL MANZANA 600ML (SALES DE HIDRATACION ORAL),15.79,7592637397415,29/05/2022,Dismeven
,REMDESIVIR 100 MG POLVO LIOFILIZADO PARA INYECCION,187.20000000000002,18904187883892,29/05/2022,Dismeven
,RESTAURALYTE X 18 GR POLVO PARA PREPARAR BEBIDA HIDRATANTE,5.8032,7591970322,29/05/2022,Dismeven
,RIFOTRAT (RIFAMICINA) 10 MG/ML X 20 ML SPRAY USO TOPICO (EQ. RIFOCINA),10.173015873015837,7898133134784,29/05/2022,Dismeven
,RISPERIDONA 3 MG X 10 TAB,13.4875,8906089281243,29/05/2022,Dismeven
,ROGENTYL (GENTAMICINA) 80 MG/2 ML X 2 ML IM/IV,7.1552,7592806112146,29/05/2022,Dismeven
,RONAVIT (VITAMINA B12 + B1 + B6) X 2 ML SOLUCION INYECTABLE I.M,6.5,7592806112115,29/05/2022,Dismeven
,ROSUVASTATINA 10 MG X 30 COMP,17.467460317460322,7896112100584,29/05/2022,Dismeven
,ROSUVASTATINA 20 MG X 10 TAB,5.375396825396825,18906043090567,29/05/2022,Dismeven
,SABANA PARA CAMILLA,3.6741818181818178,0,29/05/2022,Dismeven
,SALBUTAMOL SOL. P/INHALAR,24.159200000000002,7591196002303,29/05/2022,Dismeven
,SALICETIL (ACIDO ACETILSALICILICO) 100 MG X 10 COMP (EQ. ASPIRINA),0.84296875,7898100241897,29/05/2022,Dismeven
,"SARIFAN COMPOSITUM (HIOSCINA 0,01 G + DIPIRONA 0,25 G) X 20 TAB",25.6152,7592806134032,29/05/2022,Dismeven
,SCALP N° 19,0.3141818181818182,7595059000819,29/05/2022,Dismeven
,SECNIDEX (SECNIDAZOL) 500 MG X 4 TABLETAS RECUBIERTAS,5.499206349206349,7594001101475,29/05/2022,Dismeven
,SECNIMAX (SECNIDAZOL) 1000 MG X 2 COMP (EQ. DAKSOL),6.8046875,7898060138220,29/05/2022,Dismeven
,SERON (SERTRALINA) 50 MG X 30 COMP (07/2022),39.3432,7597767000211,29/05/2022,Dismeven
,SHAMPOO MECHICO PARA BEBÉ 200 ML,4.973015873015873,8964000279892,29/05/2022,Dismeven
,SILDENAFIL 50 MG X 1 TAB,5.653968253968255,7592454173971,29/05/2022,Dismeven
,SIMVASTATINA 40MG X 10 TAB,11.38,7591519003383,29/05/2022,Dismeven
,SINUTIL DIA,13.010399999999999,7593090000010,29/05/2022,Dismeven
,SISTEMA DE DRENAJE URINARIO + BOLSA COLECTORA DE ORINA 2000ML ,8.430545454545454,810028130159,29/05/2022,Dismeven
,SOLFEM (METRONIDAZOL + NISTATINA + GENTAMICINA + LIDOCAINA) X 5 OVULOS VAGINALES,24.05,788070698654,29/05/2022,Dismeven
,SOLUCION FISIOLOGICA 30ML,7.05,0112266402235,29/05/2022,Dismeven
,SONDA SUCCION N° 5,1.047272727272727,652931966705,29/05/2022,Dismeven
,SORKINOX (LEVODOPA-CARBIDOPA) 250/25MG X 30 COMP,57.97,7595368012732,29/05/2022,Dismeven
,SULFATO FERROSO 125 MG/ ML X 30 ML GOTAS (EQ. FERGANIC),4.56031746031746,7898277713302,29/05/2022,Dismeven
,SULFATO FERROSO 300 MG / 5ML X 120 ML JARABE,19.355555555555558,8906089281311,29/05/2022,Dismeven
,SULTAMICILINA 750 MG X 10 TAB REC,45.85546875,7598578000186,29/05/2022,Dismeven
,TADAFOX (TADALAFILO) 5 MG X 30 TAB REC,19.469531250000003,7591020080781,29/05/2022,Dismeven
,TALYSTO (TADALAFILO) 20 MG X 1 TAB MASTICABLE (PHARMETIQUE LABS),4.03,7592454891400,29/05/2022,Dismeven
,TALYSTO (TADALAFILO) 5 MG X 10 TAB MASTICABLES (PHARMETIQUE LABS),7.67,759454891394,29/05/2022,Dismeven
,"TAMSULOSINA 0,4 MG TABLETAS",6.18015873015873,7598008000625,29/05/2022,Dismeven
,TAMSULOSINA 0.4 MG X 10 TAB DE LIBERACION PROLONGADA,12.205555555555556,8906089281229,29/05/2022,Dismeven
,TELYDALT DUO (TELMISARTAN 80 MG + AMLODIPINO 5 MG) X 28 COMPRIMIDOS (08/2022),25.0,7401078910162,29/05/2022,Dismeven
,TELYDALT PLUS (TELMISARTAN 80 MG + HIDROCLOROTIAZIDA 12.5 MG) X 28 COMPRIMIDOS (06/2022),50.99999999999999,7401078910131,29/05/2022,Dismeven
,TEOFILINA 600 MG X 10 TAB DE LIBERACION PROLONADA,17.529365079365075,8906089281540,29/05/2022,Dismeven
,TETRACICLINA 500 MG X 10 CAP (07/2022),2.1047619047619053,6937874100397,29/05/2022,Dismeven
,TEUTOVIT- E 400 MG X 30 CAP,16.34285714285714,7896112116929,29/05/2022,Dismeven
,THIMEROSAL 60ML (07/2022),9.1,7593090002243,29/05/2022,Dismeven
,TINIDAZOL 500 MG X 4 TAB RECUBIERTAS,1.8365079365079366,28906101702286,29/05/2022,Dismeven
,TIOCOLCHICOSIDO 4 MG X 10 TAB,10.36,7598578000308,29/05/2022,Dismeven
,TIOCOLFEN 600 MG - 4 MG X 10 TABLETAS RECUBIERTAS,32.76,7592454891288,29/05/2022,Dismeven
,"TODEX 7,5 G UNGUENTO OFTALMICO",38.78,7591196000897,29/05/2022,Dismeven
,TORIVAS (PINAVERIUM BROMURO) 100 MG X 30 TAB,31.85,7591519000092,29/05/2022,Dismeven
,TORSILAX (CAFEINA 30 MG+ CARISOPRODOL 125 MG + D. SODICO 50 MG + PARACETAMOL 300 MG) DISPENSADOR 20 BLISTER X 10 TAB,50.85234375,7896714257600,29/05/2022,Dismeven
,"TRACEVAL (ACETAMINOFEN 325 MG + TRAMADOL CLORHIDRATO 37,5 MG) X 20 TAB REC",36.440625000000004,7591020080668,29/05/2022,Dismeven
,TRACEVAL (ACETAMINOFEN 500 MG + TRAMADOL CLORHIDRATO 50 MG) X 20 TAB ,42.93046875,7591020080682,29/05/2022,Dismeven
,TRANSISEMA (COLESTIRAMINA) 4 G X 5 G SOBRE POLVO PARA SUSPENSION ORAL,7.47,7406076125440,29/05/2022,Dismeven
,TRAQUEOTOMO N° 3.0,20.13381818181818,652931972279,29/05/2022,Dismeven
,TRAQUEOTOMO N° 4.0,20.13381818181818,652931972293,29/05/2022,Dismeven
,TRAQUEOTOMO N° 4.5,20.13381818181818,652931972309,29/05/2022,Dismeven
,TRAQUEOTOMO N° 5.0,20.13381818181818,652931972316,29/05/2022,Dismeven
,TRAXONOL (ITRACONAZOL) 100 MG X 15 CAPSULAS (EQ. FUNGOSIN),22.07936507936508,7899095201378,29/05/2022,Dismeven
,TRIMETOPRIM + SULFAMETOXAZOL (80 MG + 400 MG) AMP,11.02936507936508,7707236125967,29/05/2022,Dismeven
,TRIMETOPRIM + SULFAMETOXAZOL 160 MG + 800 MG TABLETAS ,4.4890625,7460260001859,29/05/2022,Dismeven
,TRIMETOPRIM 40 MG + SULFAMETOXAZOL 200MG/5ML (COTRIMOXAZOL) X 100 ML,11.22265625,7401189600136,29/05/2022,Dismeven
,TROLAM (CITALOPRAM) 20 MG X 20 COMP,30.65,7595368000104,29/05/2022,Dismeven
,TUBO DE EXTENSION K-50,6.554181818181817,810028130081,29/05/2022,Dismeven
,TUBO DE EXTENSION K-50,6.545454545454546,652931973238,29/05/2022,Dismeven
,TUBO ENDOTRAQUEAL N° 3.0  SIN/BALON,3.7439999999999998,652931971913,29/05/2022,Dismeven
,TUBO ENDOTRAQUEAL N° 6.0  C/BALON,6.650181818181817,652931966865,29/05/2022,Dismeven
,TUBO ENDOTRAQUEAL N° 6.5  C/BALON,6.650181818181817,652931966254,29/05/2022,Dismeven
,TUBO ENDOTRAQUEAL N° 8.5  C/BALON,6.650181818181817,65293196292,29/05/2022,Dismeven
,VALSARTAN + AMLODIPINA 160/10 MG X 10 TABLETAS RECUBIERTAS (ELTER) (08/2022),19.77,7592454891424,29/05/2022,Dismeven
,VALSARTAN + AMLODIPINA 80/5 MG X 10 TABLETAS RECUBIERTAS (ELTER) (08/2022),15.21,7592454892417,29/05/2022,Dismeven
,VALSARTAN 160 MG X 10 TAB,14.465079365079365,18906047593439,29/05/2022,Dismeven
,VALSARTAN 80 MG X 14 TAB. ELTER,12.31,7703763341078,29/05/2022,Dismeven
,"VALSARTAN-HCT 80MG/12,5MG TABLETAS X 14 (10/2022)",13.81,7591519006698,29/05/2022,Dismeven
,VANCOMICINA (VAANCO-500) 500 MG POLVO LIOFILIZADO PARA INYECCION I.V,19.964285714285715,0,29/05/2022,Dismeven
,VANCOMICINA (VANACIN-CP) 500 MG POLVO PARA INYECCION IV,20.583333333333332,0,29/05/2022,Dismeven
,VASELYM (VASELINA) CON MANZANILLA X 100 G CREMA PROTECTORA HUMECTANTE ,16.611111111111114,7557956322012,29/05/2022,Dismeven
,VENDA ELASTICA 5 CM X 4 M,1.0036363636363634,0,29/05/2022,Dismeven
,VENOCHEA X 300 G CREMA ANTIVARICES,30.58046875,7908028021034,29/05/2022,Dismeven
,VENTODUO (SALBUTAMOL 100 MCG + BECLOMETASONA DIPROPIONATO 50 MCG) X 200 DOSIS + DISPOSITIVO (ALDO UNION),55.25,8470007006565,29/05/2022,Dismeven
,VIT E GEL (VITAMINA E) 400 MG X 30 CAPSULAS BLANDAS,16.97109375,7894164005994,29/05/2022,Dismeven
,VITADYN C SABOR MANDARINA X 10 TABLETAS EFERVESCENTES,15.41,7591196000712,29/05/2022,Dismeven
,VITADYN KIDS 200MG/5ML JARABE SABOR A NARANJA,13.39,7591196000767,29/05/2022,Dismeven
,VITAMINA B12 INY X 2ML ,11.835200000000002,7592348240000,29/05/2022,Dismeven
,VITAMINA C (NANVIT-C) 100 MG/ 5 ML X 100 ML JARABE (10/2022),7.180952380952381,18906101701084,29/05/2022,Dismeven
,VITAMINA C 500 MG X 10 TABLETAS MASTICABLES,4.333333333333333,7598008000755,29/05/2022,Dismeven
,VITAMINA C 500 MG X 20 COMP (06/2022),2.1253968253968254,7899620914216,29/05/2022,Dismeven
,VITAMINA C 500 MG/2 ML INYECTABLE IM- IV (CADENA DE FRIO),3.435714285714286,7598008001226,29/05/2022,Dismeven
,VITAMINA C CAPSULAS X 15,11.3776,7593090002281,29/05/2022,Dismeven
,VITAMINA C SABOR MANDARINA TIRA  X 10 TAB MASTICABLES,7.76,7703763750184,29/05/2022,Dismeven
,VITAMINA C SABOR NARANJA 500 MG + ZINC 15 MG X 12 TABLETAS MASTICABLES,10.37,7703763001477,29/05/2022,Dismeven
,VITAMINA C SABOR NARANJA TIRA X 10 TABLETAS MASTICABLES,7.61,7703763750115,29/05/2022,Dismeven
,VITAMINA E (NANVIT-E) 400 IU X 10 CAPSULAS DE GELATINA BLANDA,5.61640625,18906101701435,29/05/2022,Dismeven
,"ZINC (ZINQUA) 29,56 MG X 30 COMP",18.530158730158732,7894164007301,29/05/2022,Dismeven
,ZOLPIDEX (ZOLPIDEM) 10MG X 10 COMP (10/2022),4.16,7594000491591,29/05/2022,Dismeven
